<?xml version="1.0" encoding="UTF-8"?>
<!DOCTYPE Publisher
  PUBLIC "-//Springer-Verlag//DTD A++ V2.4//EN" "http://devel.springer.de/A++/V2.4/DTD/A++V2.4.dtd">
<Publisher>
<PublisherInfo>
<PublisherName>Apress</PublisherName>
<PublisherLocation>Berkeley, CA</PublisherLocation>
</PublisherInfo>
<Book Language="En">
<BookInfo Language="En" TocLevels="0" NumberingStyle="ChapterOnly" ContainsESM="No" BookProductType="Professional book" MediaType="eBook">
<BookID>978-1-4302-0204-2</BookID>
<BookTitle>Beginning Information Cards and Cardspace</BookTitle>
<BookSubTitle>From Novice to Professional</BookSubTitle>

<BookDOI>10.1007/978-1-4302-0204-2</BookDOI>
<BookTitleID>142935</BookTitleID>
<BookPrintISBN>978-1-59059-807-8</BookPrintISBN>
<BookElectronicISBN>978-1-4302-0204-2</BookElectronicISBN>
<BookChapterCount>15</BookChapterCount>
<BookCopyright>
<CopyrightHolderName>Marc Mercuri</CopyrightHolderName>
<CopyrightYear>2007</CopyrightYear>
</BookCopyright>
      <BookSubjectGroup>
        <BookSubject Type="Primary" Code="I">Computer Science</BookSubject>
        <BookSubject Type="Secondary" Priority="1" Code="I14010">Programming Techniques</BookSubject>
      </BookSubjectGroup>
</BookInfo>
<Cover>
<CoverInfo>
<CoverFirstPage>C1</CoverFirstPage>
<CoverLastPage>C4</CoverLastPage>
</CoverInfo>
<CoverFigure>
<MediaObject>
<ImageObject FileRef="MediaObjects/978-1-4302-0204-2_Cover_1.jpg" Format="JPEG" Color="Color" Type="Halftone" Rendition="HTML">
</ImageObject>
</MediaObject>
</CoverFigure>
</Cover>
<BookHeader>
<EditorGroup>
<Editor>
<EditorName DisplayOrder="Western">
<GivenName>Marc</GivenName>
<FamilyName>Mercuri</FamilyName>
</EditorName>
</Editor>
</EditorGroup>
</BookHeader>
</Book>
</Publisher>